{
  "project_info": {
    "project_number": "929855331125",
    "firebase_url": "https://telemedicineapp-4ff50.firebaseio.com",
    "project_id": "telemedicineapp-4ff50",
    "storage_bucket": "telemedicineapp-4ff50.appspot.com"
  },
  "client": [
    {
      "client_info": {
        "mobilesdk_app_id": "1:929855331125:android:b7ef54bfe5e14ff1",
        "android_client_info": {
          "package_name": "com.group1.telemedicine"
        }
      },
      "oauth_client": [
        {
          "client_id": "929855331125-a1fffipo4idnr7pndpd7k954ib2p43na.apps.googleusercontent.com",
          "client_type": 1,
          "android_info": {
            "package_name": "com.group1.telemedicine",
            "certificate_hash": "e0d725c096c6834da71ded5355b8df305698cd5d"
          }
        },
        {
          "client_id": "929855331125-3nr17bnrte8djcm9cbtguir3iljtctnb.apps.googleusercontent.com",
          "client_type": 3
        }
      ],
      "api_key": [
        {
          "current_key": "AIzaSyD5-cHo5QDmQ3-q5DYwmc9JB9oU_As7NbY"
        }
      ],
      "services": {
        "analytics_service": {
          "status": 1
        },
        "appinvite_service": {
          "status": 2,
          "other_platform_oauth_client": [
            {
              "client_id": "929855331125-3nr17bnrte8djcm9cbtguir3iljtctnb.apps.googleusercontent.com",
              "client_type": 3
            }
          ]
        },
        "ads_service": {
          "status": 2
        }
      }
    },
    {
      "client_info": {
        "mobilesdk_app_id": "1:929855331125:android:50c2a04c4faf0b0a",
        "android_client_info": {
          "package_name": "cs4322.project.telemedicineapp"
        }
      },
      "oauth_client": [
        {
          "client_id": "929855331125-h5f32g8se9maddme92q6nrrnaerq9b9b.apps.googleusercontent.com",
          "client_type": 1,
          "android_info": {
            "package_name": "cs4322.project.telemedicineapp",
            "certificate_hash": "e0d725c096c6834da71ded5355b8df305698cd5d"
          }
        },
        {
          "client_id": "929855331125-3nr17bnrte8djcm9cbtguir3iljtctnb.apps.googleusercontent.com",
          "client_type": 3
        }
      ],
      "api_key": [
        {
          "current_key": "AIzaSyD5-cHo5QDmQ3-q5DYwmc9JB9oU_As7NbY"
        }
      ],
      "services": {
        "analytics_service": {
          "status": 1
        },
        "appinvite_service": {
          "status": 2,
          "other_platform_oauth_client": [
            {
              "client_id": "929855331125-3nr17bnrte8djcm9cbtguir3iljtctnb.apps.googleusercontent.com",
              "client_type": 3
            }
          ]
        },
        "ads_service": {
          "status": 2
        }
      }
    }
  ],
  "configuration_version": "1"
}